{
    "upward_sweep": {
        "AoA_deg": [
            -5.0,
            -4.5,
            -4.0,
            -3.5,
            -3.0,
            -2.5,
            -2.0,
            -1.5,
            -1.0,
            -0.5,
            0.0,
            0.5,
            1.0,
            1.5,
            2.0,
            2.5,
            3.0,
            3.5,
            4.0,
            4.5,
            5.0,
            5.5,
            6.0,
            6.5,
            7.0,
            7.5,
            8.0,
            8.5,
            9.0,
            9.5,
            10.0,
            10.5,
            11.0,
            11.5,
            12.0,
            12.5,
            13.0,
            13.5,
            14.0,
            14.5,
            15.0,
            15.5,
            16.0
        ],
        "CL_2D": [
            -0.29747891707185276,
            -0.2558310181442147,
            -0.2098891679130857,
            -0.17101065593795897,
            -0.13678783139892176,
            -0.10856190047587089,
            -0.07012242550665225,
            -0.030369950626997058,
            0.012389187401714952,
            0.05894024416803569,
            0.117985527571468,
            0.18540173553235018,
            0.24931997527929195,
            0.2885552808082848,
            0.3329514439430204,
            0.37351165059719904,
            0.4094480797466088,
            0.4661693272480586,
            0.5071001979724916,
            0.5498041150407458,
            0.5970862144802969,
            0.6453073554337527,
            0.6945092472776114,
            0.7281347895320787,
            0.7756371958947175,
            0.8155044347304559,
            0.8650461686455712,
            0.8920365561045259,
            0.9287551871432385,
            0.969569191217456,
            1.0087490908604895,
            1.0065306292399172,
            1.0100418104882054,
            1.0171704548600955,
            1.048377568828005,
            1.0263356568084434,
            1.0005216314817502,
            0.9891863797235065,
            0.9672171542276863,
            0.9712897473771207,
            0.9622285265624626,
            0.8949123983130087,
            0.8099651836747257
        ],
        "CD_2D_pressure": [
            0.017852001038530456,
            0.014843713686649536,
            0.011394853842288388,
            0.009880640834058402,
            0.009322322321778737,
            0.009611661939090724,
            0.008989956709486678,
            0.008828146857931882,
            0.007901922605794486,
            0.007131827584209249,
            0.007068357535079293,
            0.0073164919128436146,
            0.0082937142395954,
            0.008512277709706459,
            0.009473497185066291,
            0.010274831527703992,
            0.010750770025199342,
            0.012529860893446685,
            0.013074816095298218,
            0.01472946226088825,
            0.01594189278988959,
            0.017848494482598374,
            0.01966574193724764,
            0.021016321694040423,
            0.02268401369164874,
            0.024909635813205582,
            0.027628740905007648,
            0.02994515910953472,
            0.032533750543631675,
            0.036156952460346496,
            0.039754914909594194,
            0.04353188998778748,
            0.05176789416716284,
            0.05797656106809871,
            0.05964977230201595,
            0.0658540377036804,
            0.07555216805493109,
            0.08445282410630092,
            0.09684800764841406,
            0.19345977697105513,
            0.2373371545755569,
            0.245890629027227,
            0.24541025391240412
        ],
        "CD_2D_wake": [
            0.03000393785649856,
            0.037041602040725735,
            0.026031632277610343,
            0.02494276374915477,
            0.01917838059018906,
            0.021150474143045685,
            0.023007549405837227,
            0.01664829329811769,
            0.024258068273693974,
            0.036419818965993694,
            0.01955380597614282,
            0.016719293104312912,
            0.0253787016043486,
            0.014682590976201532,
            0.02431578074617452,
            0.029306854442696286,
            0.02956802790658706,
            0.03126551753672125,
            0.02118500615445486,
            0.028641077002736662,
            0.02598659441183345,
            0.030002760679713067,
            0.02082559750131457,
            0.02732505601949435,
            0.03905751286839061,
            0.03476832882236009,
            0.0219690366019071,
            0.0353645562928168,
            0.038026321534181895,
            0.027192048313966686,
            0.037534429949499126,
            0.06182806733205977,
            0.05300015988391377,
            0.06347460737570366,
            0.07112974631374071,
            0.08007029877099478,
            0.08376116330093414,
            0.08704958280711034,
            0.07822497603426821,
            0.24784667007952624,
            0.27037206089628274,
            0.2787960335656387,
            0.291632388082494
        ],
        "CM_LE": [
            0.036761332033732774,
            0.026498377950662868,
            0.016146550006566684,
            0.006148459423568668,
            0.0001070368076523923,
            -0.0019814175744486645,
            -0.008377485342765813,
            -0.015672347152291478,
            -0.02626714082174137,
            -0.038756289807327725,
            -0.0574939249042478,
            -0.07892866996043707,
            -0.09856354894297172,
            -0.10669552089727787,
            -0.1176840606532644,
            -0.12643623526131667,
            -0.13353300498162246,
            -0.14850284172970504,
            -0.15705339834700596,
            -0.16750503147324589,
            -0.17845546400712065,
            -0.19064287032318172,
            -0.20219749679009433,
            -0.2089543117351091,
            -0.2194057255886175,
            -0.22816592225905977,
            -0.23962834600614125,
            -0.24491915785169288,
            -0.252591481383785,
            -0.2612166609051588,
            -0.2665815220107012,
            -0.2618812574679825,
            -0.26368553109831433,
            -0.2635824514412973,
            -0.26601112953151024,
            -0.26104016625085646,
            -0.2553692831285504,
            -0.251711883622324,
            -0.2505113494135534,
            -0.31922745410857645,
            -0.34825833981648874,
            -0.34109615573538166,
            -0.3226463584916203
        ],